-- MySQL dump 10.13  Distrib 8.0.42, for Linux (x86_64)
--
-- Host: localhost    Database: law_college
-- ------------------------------------------------------
-- Server version	8.0.42-0ubuntu0.24.04.1

/*!40101 SET @OLD_CHARACTER_SET_CLIENT=@@CHARACTER_SET_CLIENT */;
/*!40101 SET @OLD_CHARACTER_SET_RESULTS=@@CHARACTER_SET_RESULTS */;
/*!40101 SET @OLD_COLLATION_CONNECTION=@@COLLATION_CONNECTION */;
/*!50503 SET NAMES utf8mb4 */;
/*!40103 SET @OLD_TIME_ZONE=@@TIME_ZONE */;
/*!40103 SET TIME_ZONE='+00:00' */;
/*!40014 SET @OLD_UNIQUE_CHECKS=@@UNIQUE_CHECKS, UNIQUE_CHECKS=0 */;
/*!40014 SET @OLD_FOREIGN_KEY_CHECKS=@@FOREIGN_KEY_CHECKS, FOREIGN_KEY_CHECKS=0 */;
/*!40101 SET @OLD_SQL_MODE=@@SQL_MODE, SQL_MODE='NO_AUTO_VALUE_ON_ZERO' */;
/*!40111 SET @OLD_SQL_NOTES=@@SQL_NOTES, SQL_NOTES=0 */;

--
-- Table structure for table `app_attendance`
--

DROP TABLE IF EXISTS `app_attendance`;
/*!40101 SET @saved_cs_client     = @@character_set_client */;
/*!50503 SET character_set_client = utf8mb4 */;
CREATE TABLE `app_attendance` (
  `id` bigint NOT NULL AUTO_INCREMENT,
  `status` tinyint(1) NOT NULL DEFAULT '0',
  `timestamp` datetime(6) NOT NULL,
  `session_id` bigint NOT NULL,
  `student_id` bigint NOT NULL,
  `recorded_by_id` bigint DEFAULT NULL,
  PRIMARY KEY (`id`),
  UNIQUE KEY `app_attendance_student_id_session_id_6c315349_uniq` (`student_id`,`session_id`),
  KEY `app_attendance_recorded_by_id_d6dd6ca2_fk_app_teacher_id` (`recorded_by_id`),
  KEY `app_attendance_timestamp_8e1da59a` (`timestamp`),
  KEY `app_attendance_status_fbb86643` (`status`),
  KEY `app_attenda_session_f28ac5_idx` (`session_id`,`student_id`,`status`,`timestamp`),
  CONSTRAINT `app_attendance_recorded_by_id_d6dd6ca2_fk_app_teacher_id` FOREIGN KEY (`recorded_by_id`) REFERENCES `app_teacher` (`id`),
  CONSTRAINT `app_attendance_session_id_db88754c_fk_app_session_id` FOREIGN KEY (`session_id`) REFERENCES `app_session` (`id`),
  CONSTRAINT `app_attendance_student_id_e9880899_fk_app_student_id` FOREIGN KEY (`student_id`) REFERENCES `app_student` (`id`)
) ENGINE=InnoDB AUTO_INCREMENT=15777 DEFAULT CHARSET=utf8mb4 COLLATE=utf8mb4_0900_ai_ci;
/*!40101 SET character_set_client = @saved_cs_client */;

--
-- Dumping data for table `app_attendance`
--

LOCK TABLES `app_attendance` WRITE;
/*!40000 ALTER TABLE `app_attendance` DISABLE KEYS */;
INSERT INTO `app_attendance` VALUES (15645,0,'2025-07-08 00:00:00.000000',1262,5375932,25),(15646,1,'2025-07-08 00:00:00.000000',1262,5376158,25),(15647,1,'2025-07-08 00:00:00.000000',1262,5376311,25),(15648,0,'2025-07-08 00:00:00.000000',1262,5377585,25),(15649,0,'2025-07-08 00:00:00.000000',1262,5378193,25),(15650,0,'2025-07-08 00:00:00.000000',1262,5378342,25),(15651,0,'2025-07-08 00:00:00.000000',1262,5378376,25),(15652,0,'2025-07-08 00:00:00.000000',1262,5378678,25),(15653,0,'2025-07-08 00:00:00.000000',1262,5379293,25),(15654,0,'2025-07-08 00:00:00.000000',1262,5380042,25),(15655,0,'2025-07-08 00:00:00.000000',1262,5380927,25),(15656,0,'2025-07-08 00:00:00.000000',1262,5381243,25),(15657,0,'2025-07-08 00:00:00.000000',1262,5381345,25),(15658,0,'2025-07-08 00:00:00.000000',1262,5381415,25),(15659,0,'2025-07-08 00:00:00.000000',1262,5381911,25),(15660,0,'2025-07-08 00:00:00.000000',1262,5381957,25),(15661,0,'2025-07-08 00:00:00.000000',1262,5382011,25),(15662,0,'2025-07-08 00:00:00.000000',1262,5382037,25),(15663,0,'2025-07-08 00:00:00.000000',1262,5382046,25),(15664,0,'2025-07-08 00:00:00.000000',1262,5382122,25),(15665,0,'2025-07-08 00:00:00.000000',1262,5382155,25),(15666,0,'2025-07-08 00:00:00.000000',1262,5382168,25),(15667,0,'2025-07-08 00:00:00.000000',1262,5382178,25),(15668,0,'2025-07-08 00:00:00.000000',1262,5383327,25),(15669,0,'2025-07-08 00:00:00.000000',1262,5383808,25),(15670,0,'2025-07-08 00:00:00.000000',1262,5384147,25),(15671,0,'2025-07-08 00:00:00.000000',1262,5384380,25),(15672,0,'2025-07-08 00:00:00.000000',1262,5385726,25),(15673,0,'2025-07-08 00:00:00.000000',1262,5385882,25),(15674,0,'2025-07-08 00:00:00.000000',1262,5385990,25),(15675,0,'2025-07-08 00:00:00.000000',1262,5386174,25),(15676,0,'2025-07-08 00:00:00.000000',1262,5386281,25),(15677,0,'2025-07-08 00:00:00.000000',1262,5386322,25),(15678,0,'2025-07-08 00:00:00.000000',1262,5386352,25),(15679,0,'2025-07-08 00:00:00.000000',1262,5386434,25),(15680,0,'2025-07-08 00:00:00.000000',1262,5386453,25),(15681,0,'2025-07-08 00:00:00.000000',1262,5386487,25),(15682,0,'2025-07-08 00:00:00.000000',1262,5386494,25),(15683,0,'2025-07-08 00:00:00.000000',1262,5386498,25),(15684,0,'2025-07-08 00:00:00.000000',1262,5386501,25),(15685,0,'2025-07-08 00:00:00.000000',1262,5386505,25),(15686,0,'2025-07-08 00:00:00.000000',1262,5386513,25),(15687,0,'2025-07-08 00:00:00.000000',1262,5386524,25),(15688,0,'2025-07-08 00:00:00.000000',1262,5386529,25),(15689,0,'2025-07-08 00:00:00.000000',1262,5386530,25),(15690,0,'2025-07-08 00:00:00.000000',1262,5386535,25),(15691,0,'2025-07-08 00:00:00.000000',1262,5386539,25),(15692,0,'2025-07-08 00:00:00.000000',1262,5386542,25),(15693,0,'2025-07-08 00:00:00.000000',1262,5386549,25),(15694,0,'2025-07-08 00:00:00.000000',1262,5386552,25),(15695,0,'2025-07-08 00:00:00.000000',1262,5393706,25),(15696,0,'2025-07-08 00:00:00.000000',1262,5394627,25),(15697,0,'2025-07-08 00:00:00.000000',1262,5394655,25),(15698,0,'2025-07-08 00:00:00.000000',1262,5394670,25),(15699,0,'2025-07-08 00:00:00.000000',1262,5394712,25),(15700,0,'2025-07-08 00:00:00.000000',1262,5394806,25),(15701,0,'2025-07-08 00:00:00.000000',1262,5394866,25),(15702,0,'2025-07-08 00:00:00.000000',1262,5396966,25),(15703,0,'2025-07-08 00:00:00.000000',1262,5397382,25),(15704,0,'2025-07-08 00:00:00.000000',1262,5397419,25),(15705,0,'2025-07-08 00:00:00.000000',1262,5397452,25),(15706,0,'2025-07-08 00:00:00.000000',1262,5397616,25),(15707,0,'2025-07-08 00:00:00.000000',1262,5399522,25),(15708,0,'2025-07-08 00:00:00.000000',1262,5399534,25),(15709,0,'2025-07-08 00:00:00.000000',1262,5399968,25),(15710,0,'2025-07-08 00:00:00.000000',1262,5400016,25),(15711,0,'2025-07-08 00:00:00.000000',1262,5400017,25),(15712,0,'2025-07-08 00:00:00.000000',1262,5401154,25),(15713,0,'2025-07-08 00:00:00.000000',1262,5426025,25),(15714,0,'2025-07-08 00:00:00.000000',1262,5426053,25),(15715,0,'2025-07-08 00:00:00.000000',1262,5426100,25),(15716,0,'2025-07-08 00:00:00.000000',1262,5426172,25),(15717,0,'2025-07-08 00:00:00.000000',1262,5426224,25),(15718,0,'2025-07-08 00:00:00.000000',1262,5426255,25),(15719,0,'2025-07-08 00:00:00.000000',1262,5426332,25),(15720,0,'2025-07-08 00:00:00.000000',1262,5426339,25),(15721,0,'2025-07-08 00:00:00.000000',1262,5426523,25),(15722,0,'2025-07-08 00:00:00.000000',1262,5426832,25),(15723,0,'2025-07-08 00:00:00.000000',1262,5426892,25),(15724,0,'2025-07-08 00:00:00.000000',1262,5427355,25),(15725,0,'2025-07-08 00:00:00.000000',1262,5427402,25),(15726,0,'2025-07-08 00:00:00.000000',1262,5427474,25),(15727,0,'2025-07-08 00:00:00.000000',1262,5427508,25),(15728,0,'2025-07-08 00:00:00.000000',1262,5427536,25),(15729,0,'2025-07-08 00:00:00.000000',1262,5427539,25),(15730,0,'2025-07-08 00:00:00.000000',1262,5427551,25),(15731,0,'2025-07-08 00:00:00.000000',1262,5427579,25),(15732,0,'2025-07-08 00:00:00.000000',1262,5428450,25),(15733,0,'2025-07-08 00:00:00.000000',1262,5428584,25),(15734,0,'2025-07-08 00:00:00.000000',1262,5428611,25),(15735,0,'2025-07-08 00:00:00.000000',1262,5428776,25),(15736,0,'2025-07-08 00:00:00.000000',1262,5428783,25),(15737,0,'2025-07-08 00:00:00.000000',1262,5428974,25),(15738,0,'2025-07-08 00:00:00.000000',1262,5429022,25),(15739,0,'2025-07-08 00:00:00.000000',1262,5429145,25),(15740,0,'2025-07-08 00:00:00.000000',1262,5430071,25),(15741,0,'2025-07-08 00:00:00.000000',1262,5431255,25),(15742,0,'2025-07-08 00:00:00.000000',1262,5431538,25),(15743,0,'2025-07-08 00:00:00.000000',1262,5432149,25),(15744,0,'2025-07-08 00:00:00.000000',1262,5432394,25),(15745,0,'2025-07-08 00:00:00.000000',1262,5441133,25),(15746,0,'2025-07-08 00:00:00.000000',1262,5441258,25),(15747,0,'2025-07-08 00:00:00.000000',1262,5441303,25),(15748,0,'2025-07-08 00:00:00.000000',1262,5441421,25),(15749,0,'2025-07-08 00:00:00.000000',1262,5441492,25),(15750,0,'2025-07-08 00:00:00.000000',1262,5441525,25),(15751,0,'2025-07-08 00:00:00.000000',1262,5441532,25),(15752,0,'2025-07-08 00:00:00.000000',1262,5442658,25),(15753,0,'2025-07-08 00:00:00.000000',1262,5442830,25),(15754,0,'2025-07-08 00:00:00.000000',1262,5443029,25),(15755,0,'2025-07-08 00:00:00.000000',1262,5444208,25),(15756,0,'2025-07-08 00:00:00.000000',1262,5444354,25),(15757,0,'2025-07-08 00:00:00.000000',1262,5444403,25),(15758,0,'2025-07-08 00:00:00.000000',1262,5444441,25),(15759,0,'2025-07-08 00:00:00.000000',1262,5444477,25),(15760,0,'2025-07-08 00:00:00.000000',1262,5445476,25),(15761,0,'2025-07-08 00:00:00.000000',1262,5445637,25),(15762,0,'2025-07-08 00:00:00.000000',1262,5445659,25),(15763,0,'2025-07-08 00:00:00.000000',1262,5445730,25),(15764,0,'2025-07-08 00:00:00.000000',1262,5445745,25),(15765,0,'2025-07-08 00:00:00.000000',1262,5445775,25),(15766,0,'2025-07-08 00:00:00.000000',1262,5445809,25),(15767,0,'2025-07-08 00:00:00.000000',1262,5445814,25),(15768,0,'2025-07-08 00:00:00.000000',1262,5445816,25),(15769,0,'2025-07-08 00:00:00.000000',1262,5445819,25),(15770,0,'2025-07-08 00:00:00.000000',1262,5445823,25),(15771,1,'2025-07-08 00:00:00.000000',1262,5445825,25),(15772,0,'2025-07-08 00:00:00.000000',1262,5445832,25),(15773,0,'2025-07-08 00:00:00.000000',1262,5445840,25),(15774,1,'2025-07-08 00:00:00.000000',1262,5445845,25),(15775,0,'2025-07-08 00:00:00.000000',1262,5445847,25),(15776,1,'2025-07-08 00:00:00.000000',1262,5445848,25);
/*!40000 ALTER TABLE `app_attendance` ENABLE KEYS */;
UNLOCK TABLES;

--
-- Table structure for table `app_calendarexception`
--

DROP TABLE IF EXISTS `app_calendarexception`;
/*!40101 SET @saved_cs_client     = @@character_set_client */;
/*!50503 SET character_set_client = utf8mb4 */;
CREATE TABLE `app_calendarexception` (
  `id` bigint NOT NULL AUTO_INCREMENT,
  `date` date NOT NULL,
  `description` varchar(100) NOT NULL,
  PRIMARY KEY (`id`),
  UNIQUE KEY `date` (`date`)
) ENGINE=InnoDB DEFAULT CHARSET=utf8mb4 COLLATE=utf8mb4_0900_ai_ci;
/*!40101 SET character_set_client = @saved_cs_client */;

--
-- Dumping data for table `app_calendarexception`
--

LOCK TABLES `app_calendarexception` WRITE;
/*!40000 ALTER TABLE `app_calendarexception` DISABLE KEYS */;
/*!40000 ALTER TABLE `app_calendarexception` ENABLE KEYS */;
UNLOCK TABLES;

--
-- Table structure for table `app_program`
--

DROP TABLE IF EXISTS `app_program`;
/*!40101 SET @saved_cs_client     = @@character_set_client */;
/*!50503 SET character_set_client = utf8mb4 */;
CREATE TABLE `app_program` (
  `id` bigint NOT NULL AUTO_INCREMENT,
  `name` varchar(50) NOT NULL,
  `duration_years` int unsigned NOT NULL,
  PRIMARY KEY (`id`),
  UNIQUE KEY `name` (`name`),
  KEY `app_program_name_3894eb_idx` (`name`),
  CONSTRAINT `app_program_chk_1` CHECK ((`duration_years` >= 0))
) ENGINE=InnoDB AUTO_INCREMENT=7 DEFAULT CHARSET=utf8mb4 COLLATE=utf8mb4_0900_ai_ci;
/*!40101 SET character_set_client = @saved_cs_client */;

--
-- Dumping data for table `app_program`
--

LOCK TABLES `app_program` WRITE;
/*!40000 ALTER TABLE `app_program` DISABLE KEYS */;
INSERT INTO `app_program` VALUES (1,'BALLB 5 Yr',5),(2,'LLB 3 Yr',3);
/*!40000 ALTER TABLE `app_program` ENABLE KEYS */;
UNLOCK TABLES;

--
-- Table structure for table `app_section`
--

DROP TABLE IF EXISTS `app_section`;
/*!40101 SET @saved_cs_client     = @@character_set_client */;
/*!50503 SET character_set_client = utf8mb4 */;
CREATE TABLE `app_section` (
  `id` bigint NOT NULL AUTO_INCREMENT,
  `name` varchar(10) NOT NULL,
  `year` int unsigned NOT NULL,
  `program_id` bigint NOT NULL,
  PRIMARY KEY (`id`),
  UNIQUE KEY `app_section_program_id_year_name_aa2cf440_uniq` (`program_id`,`year`,`name`),
  KEY `app_section_program_c69638_idx` (`program_id`,`year`,`name`),
  CONSTRAINT `app_section_program_id_396c8d0f_fk_app_program_id` FOREIGN KEY (`program_id`) REFERENCES `app_program` (`id`),
  CONSTRAINT `app_section_chk_1` CHECK ((`year` >= 0))
) ENGINE=InnoDB AUTO_INCREMENT=12 DEFAULT CHARSET=utf8mb4 COLLATE=utf8mb4_0900_ai_ci;
/*!40101 SET character_set_client = @saved_cs_client */;

--
-- Dumping data for table `app_section`
--

LOCK TABLES `app_section` WRITE;
/*!40000 ALTER TABLE `app_section` DISABLE KEYS */;
INSERT INTO `app_section` VALUES (1,'Section A',1,1),(2,'Section B',1,1),(3,'Section A',2,1),(7,'Section A',3,1),(8,'Section A',4,1),(9,'Section A',5,1),(4,'Section A',1,2),(6,'Section B',1,2),(10,'Section A',2,2),(11,'Section A',3,2);
/*!40000 ALTER TABLE `app_section` ENABLE KEYS */;
UNLOCK TABLES;

--
-- Table structure for table `app_semester`
--

DROP TABLE IF EXISTS `app_semester`;
/*!40101 SET @saved_cs_client     = @@character_set_client */;
/*!50503 SET character_set_client = utf8mb4 */;
CREATE TABLE `app_semester` (
  `id` bigint NOT NULL AUTO_INCREMENT,
  `semester` int unsigned NOT NULL,
  PRIMARY KEY (`id`),
  UNIQUE KEY `semester` (`semester`),
  CONSTRAINT `app_semester_chk_1` CHECK ((`semester` >= 0))
) ENGINE=InnoDB AUTO_INCREMENT=11 DEFAULT CHARSET=utf8mb4 COLLATE=utf8mb4_0900_ai_ci;
/*!40101 SET character_set_client = @saved_cs_client */;

--
-- Dumping data for table `app_semester`
--

LOCK TABLES `app_semester` WRITE;
/*!40000 ALTER TABLE `app_semester` DISABLE KEYS */;
INSERT INTO `app_semester` VALUES (1,1),(2,2),(3,3),(4,4),(5,5),(6,6),(7,7),(8,8),(9,9),(10,10);
/*!40000 ALTER TABLE `app_semester` ENABLE KEYS */;
UNLOCK TABLES;

--
-- Table structure for table `app_session`
--

DROP TABLE IF EXISTS `app_session`;
/*!40101 SET @saved_cs_client     = @@character_set_client */;
/*!50503 SET character_set_client = utf8mb4 */;
CREATE TABLE `app_session` (
  `id` bigint NOT NULL AUTO_INCREMENT,
  `date` date NOT NULL,
  `status` varchar(10) NOT NULL,
  `timetable_id` bigint NOT NULL,
  PRIMARY KEY (`id`),
  UNIQUE KEY `app_session_timetable_id_date_9e7cd061_uniq` (`timetable_id`,`date`),
  KEY `app_session_timetab_3c60ce_idx` (`timetable_id`,`date`,`status`),
  CONSTRAINT `app_session_timetable_id_a942e66c_fk_app_timetable_id` FOREIGN KEY (`timetable_id`) REFERENCES `app_timetable` (`id`)
) ENGINE=InnoDB AUTO_INCREMENT=1270 DEFAULT CHARSET=utf8mb4 COLLATE=utf8mb4_0900_ai_ci;
/*!40101 SET character_set_client = @saved_cs_client */;

--
-- Dumping data for table `app_session`
--

LOCK TABLES `app_session` WRITE;
/*!40000 ALTER TABLE `app_session` DISABLE KEYS */;
INSERT INTO `app_session` VALUES (1244,'2025-03-04','Scheduled',51),(1245,'2025-03-11','Scheduled',51),(1246,'2025-03-18','Scheduled',51),(1247,'2025-03-25','Scheduled',51),(1248,'2025-04-01','Scheduled',51),(1249,'2025-04-08','Scheduled',51),(1250,'2025-04-15','Scheduled',51),(1251,'2025-04-22','Scheduled',51),(1252,'2025-04-29','Scheduled',51),(1253,'2025-05-06','Scheduled',51),(1254,'2025-05-13','Scheduled',51),(1255,'2025-05-20','Scheduled',51),(1256,'2025-05-27','Scheduled',51),(1257,'2025-06-03','Scheduled',51),(1258,'2025-06-10','Scheduled',51),(1259,'2025-06-17','Scheduled',51),(1260,'2025-06-24','Scheduled',51),(1261,'2025-07-01','Scheduled',51),(1262,'2025-07-08','Completed',51),(1263,'2025-07-15','Scheduled',51),(1264,'2025-07-22','Scheduled',51),(1265,'2025-07-29','Scheduled',51),(1266,'2025-08-05','Scheduled',51),(1267,'2025-08-12','Scheduled',51),(1268,'2025-08-19','Scheduled',51),(1269,'2025-08-26','Scheduled',51);
/*!40000 ALTER TABLE `app_session` ENABLE KEYS */;
UNLOCK TABLES;

--
-- Table structure for table `app_student`
--

DROP TABLE IF EXISTS `app_student`;
/*!40101 SET @saved_cs_client     = @@character_set_client */;
/*!50503 SET character_set_client = utf8mb4 */;
CREATE TABLE `app_student` (
  `id` bigint NOT NULL AUTO_INCREMENT,
  `roll_number` varchar(20) NOT NULL,
  `first_name` varchar(100) NOT NULL,
  `last_name` varchar(50) DEFAULT NULL,
  `email` varchar(254) DEFAULT NULL,
  `section_id` bigint NOT NULL,
  `phone` varchar(15) DEFAULT NULL,
  `semester` int unsigned NOT NULL,
  PRIMARY KEY (`id`),
  KEY `app_student_section_id_99aa63b7_fk_app_section_id` (`section_id`),
  KEY `app_student_roll_nu_e9d941_idx` (`roll_number`,`email`,`section_id`,`semester`),
  CONSTRAINT `app_student_section_id_99aa63b7_fk_app_section_id` FOREIGN KEY (`section_id`) REFERENCES `app_section` (`id`),
  CONSTRAINT `app_student_chk_1` CHECK ((`semester` >= 0))
) ENGINE=InnoDB AUTO_INCREMENT=5445849 DEFAULT CHARSET=utf8mb4 COLLATE=utf8mb4_0900_ai_ci;
/*!40101 SET character_set_client = @saved_cs_client */;

--
-- Dumping data for table `app_student`
--

LOCK TABLES `app_student` WRITE;
/*!40000 ALTER TABLE `app_student` DISABLE KEYS */;
INSERT INTO `app_student` VALUES (2144204,'G223200','MUNDHE PRALHAD PARBATRAO','','',11,'',5),(2904308,'G223199','LOKHANDE SANTOSH LAXMAN','','',11,'',5),(3557909,'G223151','TAMKHANE SONALI RAJENDRA','','',11,'',5),(3559070,'G223048','GROVER ARMINDER ASHOK','','',11,'',5),(3618172,'NG223254','HIWALE GANESH KALYAN','','',11,'',5),(3618388,'G213169','SHINDE ROHIT SHARAD','','',11,'',5),(4261247,'G223010','BADE BALAJI DIGAMBAR','','',11,'',5),(4261307,'G223096','KUSHWAHA ARCHANA .','','',11,'',5),(4261312,'G223093','KOTE SHATRUNJAY MRITYUNJAY','','',11,'',5),(4261349,'G223150','SEWALIKAR MAHESH GOVINDRAO','','',11,'',5),(4261356,'NG223207','CHOUHAN AYUSH JOGNDRASINGH','','',11,'',5),(4261406,'G223131','PRADHAN ABHAY BHARAT','','',11,'',5),(4261417,'G223119','PANCHAL GOVIND RAJABHAU','','',11,'',5),(4261465,'G223083','KASHID KARTIKI VIVEK','','',11,'',5),(4261529,'G223148','SAWALE DEVANAND RAMESH','','',11,'',5),(4261544,'G223082','KANADE PRACHITI PRASHANT','','',11,'',5),(4261582,'G223103','MANE SHREEKANT JAGANNATHRAO','','',11,'',5),(4261599,'G223087','KHANDEBHARAD VIVEK GAJANAN','','',11,'',5),(4261606,'G223172','TADE OMKAR TATYARAO','','',11,'',5),(4261613,'G223174','THARANI PALAK LAXMIKANT','','',11,'',5),(4261627,'G223034','CHINCHOLKAR VAISHNAVI RAVINDRA','','',11,'',5),(4261744,'G223009','AVHAD SHAMBALA ASHOK','','',11,'',5),(4261757,'G223157','SHENDGE SHRDDHA LAXMAN','','',11,'',5),(4261941,'NG223231','PATHAN SOMIYA AFNAN NASEER KHAN','','',11,'',5),(4262000,'G223166','SONONE NILESH BHAGWAN','','',11,'',5),(4262041,'G223125','PATIL GAYATRI UMESH','','',11,'',5),(4262047,'G223045','DESHPANDE PRACHI SANJAY','','',11,'',5),(4262054,'G223149','SAWALE SNEHA SANTOSH','','',11,'',5),(4262211,'G223116','NIKAM SHUBHAM RAJESH','','',11,'',5),(4262235,'G223176','THOSARE MOUSAMI DINKARRAO','','',11,'',5),(4262244,'G223038','DAUNDE NITIN KARBHARI','','',11,'',5),(4262267,'G223050','DOUNDE SACHIN KARBHARI','','',11,'',5),(4262283,'G223109','MOHITE AVISHKAR BALASAHEB','','',11,'',5),(4262390,'G223008','AUTE SHUBHAM BALASAHEB','','',11,'',5),(4262394,'G223019','BHAGAT PRAVIN GAJANAN','','',11,'',5),(4262405,'G223147','SAVLE DIVYESH VILAS','','',11,'',5),(4262429,'G223036','DALEKAR RAJENDRA JAGANNATH','','',11,'',5),(4262454,'G223151','SHAIKH AAYAJ  SHAIKH TAJU','','',11,'',5),(4262458,'G223188','VASAVE BARKYA RAMJI','','',11,'',5),(4262463,'G223018','BARELA YUVRAJ DEVSING','','',11,'',5),(4263298,'G223138','RODE AKSHAY CHATRABHUJ','','',11,'',5),(4263475,'NG223215','KAKAD RAHUL RAMESH','','',11,'',5),(4263502,'G223158','SHINDE TUSHAR PANDURANG','','',11,'',5),(4263519,'NG223225','MORE TEJASWINI GOVINDA','','',11,'',5),(4263551,'G223029','BORUDE DNYANESH ANNASAHEB','','',11,'',5),(4263611,'G223098','MAHAJAN MANASI VIJAY','','',11,'',5),(4263668,'NG223240','SINGH ROHIT DHIRAJ','','',11,'',5),(4263676,'G223191','WAGHCHAURE AISHWARYA SUNIL','','',11,'',5),(4263681,'NG223246','THAGNAR SHRINATH UTTAMRAO','','',11,'',5),(4268155,'NG223229','PARDESHI SHIVANI MANOHAR','','',11,'',5),(4268163,'G223016','BANSOD LATA MAHADU','','',11,'',5),(4269149,'G223075','JAWLE KRUSHNA ASHOK','','',11,'',5),(4269195,'G223012','BAGUL RAKESH VISHWANATH','','',11,'',5),(4269209,'G223065','HARINKHERE PRATEEK HANSLAL','','',11,'',5),(4269233,'G223128','PAWAR KAJAL KAILAS','','',11,'',5),(4269242,'G223164','SONAWANE GAYATRI DEVIDAS','','',11,'',5),(4269270,'G223192','WAGHMARE PAVAN PRAKASH','','',11,'',5),(4269292,'G223039','DAUNGE GANESH NANA','','',11,'',5),(4269324,'G223152','SHAIKH MOIZUDDIN GAFFAR','','',11,'',5),(4269673,'G223156','SHELAR KARMESH LAXMAN','','',11,'',5),(4269688,'G223100','MALOKAR SHUBHANGI VIJAY','','',11,'',5),(4269707,'G223001','ADE NAYAN PREMCHAND','','',11,'',5),(4269712,'G223108','MITKARI SHIVAM SANTOSH','','',11,'',5),(4269736,'G223014','BAIRAGI KAMOJ KALYANDAS','','',11,'',5),(4270003,'NG223209','DESHPANDE BHAGYASHRI VISHWAS','','',11,'',5),(4270046,'G223069','JADHAV ASHWINI BHAGWAN','','',11,'',5),(4270137,'G223134','RANDVE DIPAK SHANKAR','','',11,'',5),(4270191,'G223117','NIRMAL SHARLI SHAILENDRA','','',11,'',5),(4270207,'G223070','JADHAV KIRAN DATTATRAYA','','',11,'',5),(4270312,'NG223238','SHEKATKAR SHAYRAN HANSRAJ','','',11,'',5),(4270319,'G223046','DEVE SANGAM MANOHAR','','',11,'',5),(4270861,'G223193','WAGHMARE RAMESH SHANKAR','','',11,'',5),(4270876,'G223114','NALAWADE SONYABAPU BABASAHEB','','',11,'',5),(4270981,'G223028','BORSE RUTUJA RAJENDRA','','',11,'',5),(4270991,'NG223223','MANJULE REVATI RAJENDRA','','',11,'',5),(4271080,'G223129','PAWAR RUTUJA NAMDEO','','',11,'',5),(4271083,'G223124','PATHADE KISAN BABASAHEB','','',11,'',5),(4271087,'G223023','BHALERAO SAWANKUMAR PRAKASH','','',11,'',5),(4271096,'G223170','SURYAKAMBLE AMOL BHIMRAO','','',11,'',5),(4271108,'G223056','GAIKWAD VINMAY ARUN','','',11,'',5),(4271110,'G223062','HANUMANTE VAIBHAV PRAKASH','','',11,'',5),(4271167,'G223041','DESHMUKH RAU RAJENDRA','','',11,'',5),(4271169,'G223189','VASAVE SANDIP BAWAJYA','','',11,'',5),(4271179,'G223094','KULKARNI SANJAY KISANRAO','','',11,'',5),(4271188,'G223031','CHAURE SHARAD ARJUN','','',11,'',5),(4271190,'G223127','PATLE VANDANA JUMA','','',11,'',5),(4271270,'G223171','SUTAR YOGESH ASHOK','','',11,'',5),(4271384,'G223042','DESHMUKH SACHIN DNYANESHWAR','','',11,'',5),(4271393,'G223067','INDANI AJAY SATYANARAYAN','','',11,'',5),(4271409,'G223024','BHATIYA AMOL BHAGWAN','','',11,'',5),(4271438,'G223085','KATOLE NIKHILKUMAR HARIDAS','','',11,'',5),(4271510,'G223052','DUKRE SAVITA KHANDERAO','','',11,'',5),(4271513,'G223002','AGRAWAL KAJAL BHAGWAN','','',11,'',5),(4271517,'G223154','SHAIKH SUMAIYYA SALIM','','',11,'',5),(4271529,'NG223226','MUTTHE SHRUTI ANNASAHEB','','',11,'',5),(4271541,'NG223236','SHAIKH SULTANA NAJIR','','',11,'',5),(4271696,'G223091','KHULLODKAR ABHISHEK NAGESH','','',11,'',5),(4271701,'G223196','WANKHEDE NIKITA SANJAYKUMAR','','',11,'',5),(4271715,'NG223213','INGALE UMESH BHAGWAN','','',11,'',5),(4271721,'G223153','SHAIKH NAMEERA FATIMA SHAHED','','',11,'',5),(4271872,'G223106','MISAL PRAJAKTA HANUMANTRAO','','',11,'',5),(4271901,'G223112','NADE AISHWARYA SHANTILAL','','',11,'',5),(4271975,'G223089','KHANDELWAL DIKSHA AJAY','','',11,'',5),(4271990,'G223183','UDHAN KAILAS TATYASAHEB','','',11,'',5),(4272043,'G223049','DIGE SHUBHANGI MILIND','','',11,'',5),(4272107,'NG223230','PATEL DEEPAK HANSRAJ','','',11,'',5),(4272131,'G223077','JOSHI PRATHAMESH YOGESH','','',11,'',5),(4272218,'G223104','MANGIRAJ VISHAL VINAY','','',11,'',5),(4272220,'G223051','DUDHE KOMAL GANPAT','','',11,'',5),(4272234,'G223057','GALBE SHWETA BABASAHEB','','',11,'',5),(4296418,'G223095','KUMAR DEEPU JAYPRAKASH','','',11,'',5),(4297868,'G223043','DESHPANDE MANSI RAVINDRA','','',11,'',5),(4297934,'G223033','CHIKSHE GAYATRI VIVEK','','',11,'',5),(4297995,'G223090','KHARWAL YOGESH SHIVSHANKAR','','',11,'',5),(4298039,'G223155','SHEJUL SHIVANI RAJENDRA','','',11,'',5),(4298053,'G223181','TUPE PRIYA SHRIMANT','','',11,'',5),(4298069,'G223187','VARMA DIPSHIKHA BANVARILAL','','',11,'',5),(4298104,'G223111','MULE NAVNATH GOVIND','','',11,'',5),(4298140,'NG223206','CHORGHADE MAHESH VILAS','','',11,'',5),(4298208,'NG223214','JADHAV SUYASH PRADIP','','',11,'',5),(4298613,'NG223237','SHARMA NANDINI SUNIL','','',11,'',5),(4298717,'G223047','DHUDKEKAR MADHURAJ ANIL','','',11,'',5),(4298730,'NG223228','PADVI SOMNATH JANGALSING','','',11,'',5),(4298734,'G223040','DEGAONKAR AISHWARYA RAMESH','','',11,'',5),(4299000,'NG223219','KULKARNI ATHARV UMESH','','',11,'',5),(4299010,'G223026','BOBADE VISHAL RAMESH','','',11,'',5),(4299054,'G223184','UPADHYAY ABHIMANYU RAJESH','','',11,'',5),(4299187,'G223003','AGRAWAL SIDDHI SUNIL KUMAR','','',11,'',5),(4299238,'G223017','BARANWAL UTTAM ANIL','','',11,'',5),(4299267,'G223120','PANDEY ISHITA MADAN','','',11,'',5),(4299342,'G223186','VALVI DINKAR KUTRYA','','',11,'',5),(4299367,'G223060','GUNDRE VISHAL MADHAVRAO','','',11,'',5),(4299419,'G223027','BOLKE JAGDISH DATTA','','',11,'',5),(4299436,'NG223220','KULKARNI PRIYANKA JAYKUMAR','','',11,'',5),(4299438,'NG223204','BORADE GAJANAN RADHAKISAN','','',11,'',5),(4299446,'G223177','TIDKE ROHAN PRAKASH','','',11,'',5),(4299488,'G223163','SONAR KETKI SUNIL','','',11,'',5),(4299498,'G223076','JAYBHAYE PRITEE GITARAM','','',11,'',5),(4299507,'NG223208','DEGAONKAR KALPESH SHARAD','','',11,'',5),(4299517,'G223020','BHAGAT SAURAV SHRIKISAN','','',11,'',5),(4299521,'G223092','KHULLODKAR AMOL RAJENDRA','','',11,'',5),(4299539,'G223006','ATKANE SAVITA BABASAHEB','','',11,'',5),(4299762,'G223079','KADUKAR RAHUL SHESHRAO','','',11,'',5),(4299784,'G223197','WANKHEDE SUNIL GANESH','','',11,'',5),(4299798,'G223168','SURYAWANSHI AMOL SITARAM','','',11,'',5),(4299856,'G223139','RUPEKAR ASHUTOSH CHANDU','','',11,'',5),(4299887,'G223180','TRIBHUWAN APURVA PRAVEEN','','',11,'',5),(4299910,'NG223233','RAUT VISHWAJEET NARENDRA','','',11,'',5),(4299951,'NG223247','THOMBRE JAYASHRI PRALHAD','','',11,'',5),(4300010,'NG223222','MANDLECHA RUSHABH SANJAY','','',11,'',5),(4300056,'G223007','AUTADE PRADNYA DILIP','','',11,'',5),(4300084,'G223030','CHAUDHARY PRATIBHA SUNIL KUMAR','','',11,'',5),(4300123,'G223110','MOKHADKAR ABHIR KALIDAS','','',11,'',5),(4300131,'G223159','SIDDIQUI UMME SALMA NADEEM AHEMED','','',11,'',5),(4300169,'NG223232','PATIL RAHUL JANARDHAN','','',11,'',5),(4300193,'NG223216','KALE VISHAL TEJRAO','','',11,'',5),(4300198,'NG223245','TAYDE UJWALA HARIBHAU','','',11,'',5),(4300205,'G223044','DESHPANDE MAYUR MADHUKAR','','',11,'',5),(4300220,'G223107','MISHRA DEEPIKA ALOK','','',11,'',5),(4300233,'G223135','RATHOD MONIKA SANJAY','','',11,'',5),(4300235,'G223061','GUPTA ANKITA KRISHNA','','',11,'',5),(4300259,'G223160','SINGH AVINASH ANIL','','',11,'',5),(4300260,'NG223227','PACHALORE DIPALI SUBHASH','','',11,'',5),(4300266,'NG223221','MANDE SHRIKRUSHNA KARAN','','',11,'',5),(4307163,'G223161','SINGH RAGHAVENDRA DEO','','',11,'',5),(4307550,'G223058','GIRBANE YUVRAJ RAMESHRAO','','',11,'',5),(4307638,'NG223211','GIRBANE AMOL RAMESH','','',11,'',5),(4308294,'G223198','WANVE RANJIT GOVARDHAN','','',11,'',5),(4308309,'G223054','GAIKWAD MANISHA KALYAN','','',11,'',5),(4308372,'G223078','JOSHI SHALIWAHAN SANJAY','','',11,'',5),(4308506,'G223105','MHASKE VARSHA MANOHAR','','',11,'',5),(4308555,'G223073','JARHAD MAHESH RAMDAS','','',11,'',5),(4308571,'NG223235','SASANE PRATIK SURYAKANT','','',11,'',5),(4308600,'NG223242','SONAWANE PREETI SUNIL','','',11,'',5),(4308608,'G223133','PUJARI TANVI SUDHIR','','',11,'',5),(4308622,'G223064','HARBADE KARBHARI UTTAMRAO','','',11,'',5),(4308647,'G223167','SUKHADHANE AMOL SHIVAJI','','',11,'',5),(4308655,'G223140','SALUNKE DHANANJAY PANDURANG','','',11,'',5),(4308659,'G223141','SALUNKE KAKASAHEB NANASAHEB','','',11,'',5),(4308668,'G223071','JADHAV PRANAV SANJAY','','',11,'',5),(4308680,'G223015','BANKAR MANISHA ASHOK','','',11,'',5),(4308684,'G223175','THORAT ABHISHEK ASHOK','','',11,'',5),(4308692,'G223121','PANDIT AMIT DAMODHAR','','',11,'',5),(4308693,'NG223248','TUPE KRUSHNA RAJU','','',11,'',5),(4308699,'G223101','MANDE PANDURANG TULSHIRAM','','',11,'',5),(4308710,'G223130','PAWAR SHIVAM SHIVAJI','','',11,'',5),(4308718,'G223169','SURUNG RAMESHWAR LIMBAJI','','',11,'',5),(4308731,'NG223244','SONWANE PRITAM KACHARU','','',11,'',5),(4308744,'NG223202','AWCHAR VIKAS PRAKASH','','',11,'',5),(4308745,'G223132','PRADHAN SMITA EKNATH','','',11,'',5),(4308747,'G223066','HIWALE AJINKYA SUBHASH','','',11,'',5),(4308753,'G223099','MAHANUBHAV YOGESH ARJUN','','',11,'',5),(4308760,'NG223217','KEDARE ROHIT CHHAGAN','','',11,'',5),(4308762,'G223068','INDANI AMEETA RADHESHAM','','',11,'',5),(4308768,'G223037','DANEKAR SHWETANG RAJENDRA','','',11,'',5),(4308770,'G223115','NAVALE BHAGAWAT VILAS','','',11,'',5),(4308771,'G223080','KAMBLE AJIT RAJU','','',11,'',5),(4308773,'NG223203','BAKSH MOHAMMAD KASHIF ISMAIL','','',11,'',5),(4308776,'G223144','SAMINDAR GANESH EKNATH','','',11,'',5),(4308781,'G223190','WAGH SANGHARSH SUBHASH','','',11,'',5),(4308798,'NG223241','SOLANKE SURESH DIGAMBAR','','',11,'',5),(4308804,'G223021','BHAGWAT AKSHAY APPASAHEB','','',11,'',5),(4308826,'NG223201','ADMANE SHAILA DINKAR','','',11,'',5),(4308829,'G223063','HARAL SAMADHAN TULSHIRAM','','',11,'',5),(4308831,'NG223243','SONAWANE RUSHIKESH DEVIDAS','','',11,'',5),(4308835,'G223102','MANDE PRIYA SHRIRAM','','',11,'',5),(4308836,'NG223218','KHANDAGALE SHUBHAM ASHOK','','',11,'',5),(4308837,'G223059','GOSWAMI YOGESH VILAS','','',11,'',5),(5375932,'G240030','DESHMUKH KRUSHNA VITTHALRAO','','',4,'',1),(5376158,'G240083','JOSHI NILESH SANJAY','','',4,'',1),(5376311,'G240068','JADHAV AYODHYA ASHOKRAO','','',4,'',1),(5377585,'G240125','PANCHAL ANIKET BRAMHADEV','','',4,'',1),(5378193,'G240132','PAWAR KADAMBARI','','',4,'',1),(5378342,'G240063','HARISHCHANDRE UMA BALKISAN','','',4,'',1),(5378376,'G240029','DARWANI HARSH BHARAT','','',4,'',1),(5378678,'G240014','BHALAWE MURLIDHAR MAROTI','','',4,'',1),(5379293,'G240084','KAKDE NIKHIL DHARMRAJ','','',4,'',1),(5380042,'G240071','JADHAV SONU NARAYAN','','',4,'',1),(5380927,'G240066','HIWALE GAURAV SHIVAJI','','',4,'',1),(5381243,'G240042','EKADE SHUBHAM RAJU','','',4,'',1),(5381345,'G240069','JADHAV DINESH SURESH','','',4,'',1),(5381415,'G240116','NARWADE CHANDRAMUNI ARVIND','','',4,'',1),(5381911,'G240032','DESHPANDE GOVIND DATTATRAY','','',4,'',1),(5381957,'G240088','KALGAONKAR VAIBHAVI VIJAYRAO','','',4,'',1),(5382011,'G240099','KULKARNI KALYANI DILIPRAO','','',4,'',1),(5382037,'G240105','LOKHANDE PRADYUMNA KISAN','','',4,'',1),(5382046,'G240111','MORE SONALI VILAS','','',4,'',1),(5382122,'G240031','DESHPANDE GAURAV BANSILAL','','',4,'',1),(5382155,'G240003','VAISHNAVI','','',4,'',1),(5382168,'G240062','HARISHCHANDRE HARSHADA VISHNU','','',4,'',1),(5382178,'G240090','KASHID AMARNATH ASHOK','','',4,'',1),(5383327,'G240102','KULKARNI YASH VIVEK','','',4,'',1),(5383808,'G240082','JOSHI MAHESH PADMAKAR','','',4,'',1),(5384147,'G240101','KULKARNI TEJAS KAMLAKAR','','',4,'',1),(5384380,'G240025','DANDE SAGAR SANDEEP','','',4,'',1),(5385726,'G240051','GIRI ABHISHEK DNYANOBA','','',4,'',1),(5385882,'G240009','BAGDIYA SUMEGHA MADHUSUDHAN','','',4,'',1),(5385990,'G240052','GIRI UJWALA SURESH','','',4,'',1),(5386174,'G240127','PANDIT KRISHNA DEVIDAS','','',4,'',1),(5386281,'G240035','DHANDARE GAYATRI VISHWAS','','',4,'',1),(5386322,'G240122','PADVI SUNIL SHIVAJI','','',4,'',1),(5386352,'G240073','JAGIRDAR NASEER AMEERUDDIN','','',4,'',1),(5386434,'G240095','KHANDAGALE ABHIJEET SAMBHAJI','','',4,'',1),(5386453,'G240041','DUMMALWAR ROHIT RAJESHWAR','','',4,'',1),(5386487,'G240121','PADOLKAR RAMSHARAN GAJANAN','','',4,'',1),(5386494,'G240096','KHARAT DINESH SUDHAKAR','','',4,'',1),(5386498,'G240115','NARWADE ANITA TULSHIRAM','','',4,'',1),(5386501,'G240067','HONULKAR HARSHADA PRAMOD','','',4,'',1),(5386505,'G240113','MULEY MIMANSA VIJAY','','',4,'',1),(5386513,'G240059','GUPTA DEEPAK RAMNIWAS','','',4,'',1),(5386524,'G240050','GHONGADE AISHWARYA RAJENDRA','','',4,'',1),(5386529,'G240076','JARHAD PUJA RAJU','','',4,'',1),(5386530,'G240053','GITE SHAKUNTALA JAGANNATH','','',4,'',1),(5386535,'G240072','JADHAV VISHAKHA BHAGWANRAO','','',4,'',1),(5386539,'G240055','GORE NAMDEV RAMRAO','','',4,'',1),(5386542,'G240012','BARSALE MAHADEV BALASAHEB','','',4,'',1),(5386549,'G240085','KAKDE VINOD BHAURAO','','',4,'',1),(5386552,'G240026','DANDGE AKASH RAJENDRA','','',4,'',1),(5393706,'G240057','GUMATKAR SURESH EKNATH','','',4,'',1),(5394627,'G240027','DANDGE KUNAL GANESHRAO','','',4,'',1),(5394655,'G240091','KAWATKWAR PRIYA PRASHANT','','',4,'',1),(5394670,'G240098','KULIKARNI SHATAKSHI CHANDRASHEKHAR','','',4,'',1),(5394712,'G240089','KAPSE SHIVAM DNYANESHWAR','','',4,'',1),(5394806,'G240008','AWACHAR ADNYA RANGNATH','','',4,'',1),(5394866,'G240120','PADOL ASHISH DNYANESHWAR','','',4,'',1),(5396966,'G240058','GUNJAL SACHIN BAPPAJI','','',4,'',1),(5397382,'G240046','GANGWAL KOMAL MAHAVIR','','',4,'',1),(5397419,'G240126','PANCHAL DAYANAND VISHNU','','',4,'',1),(5397452,'G240123','PAGARE VISHAL BABASAHEB','','',4,'',1),(5397616,'G240129','PAWALE ATUL BHAUSAHEB','','',4,'',1),(5399522,'G240040','DONGRE SURAJ BALU','','',4,'',1),(5399534,'G240023','DALVI VAISHNAVI SANJAY','','',4,'',1),(5399968,'G240087','KALE SHRIKANT HARICHANDRA','','',4,'',1),(5400016,'G240074','JAIN SANIYA RAJU','','',4,'',1),(5400017,'G240131','PAWAR JAIVARDHAN RAGHUNATH','','',4,'',1),(5401154,'G240118','NIRBHAVANE NILIMA PRAKASH','','',4,'',1),(5426025,'G240013','BHAGWAT NITIN SUBHASH','','',4,'',1),(5426053,'G240107','MANWATKAR VAIBHAV BABASAHEB','','',4,'',1),(5426100,'G240106','MALGHANE SAGAR MAROTI','','',4,'',1),(5426172,'G240054','GITTE PRAHLAD VASANT','','',4,'',1),(5426224,'G240070','JADHAV KIRAN ASHOK','','',4,'',1),(5426255,'G240094','KHAN SHAHBAZ RASHID','','',4,'',1),(5426332,'G240128','PATHAK PRUTHA ANIRUDDHA','','',4,'',1),(5426339,'G240048','GAWARE DIPAK DATTATRAY','','',4,'',1),(5426523,'G240018','CHANDORIKAR APURVA INDRANIL','','',4,'',1),(5426832,'G240124','PAME RAJNANDINI RAJIV','','',4,'',1),(5426892,'G240044','GAIKWAD SNEHA TARACHAND','','',4,'',1),(5427355,'G240020','CHAVAN SAGAR KADU','','',4,'',1),(5427402,'G240065','HATTEKAR OMKAR UDAYRAO','','',4,'',1),(5427474,'G240114','NADE PRERNA DILIP','','',4,'',1),(5427508,'G240010','BAKARE SHRINIVAS BALAJI','','',4,'',1),(5427536,'G240077','JARHAD SUDARSHAN SUBHASH','','',4,'',1),(5427539,'G240060','HADE SUSHANT MOHAN','','',4,'',1),(5427551,'G240043','GAATH VINOD KHANDERAO','','',4,'',1),(5427579,'G240036','DHANEDHAR NAMRATA RAHUL','','',4,'',1),(5428450,'G240005','ADHUDE SURESH MUNJABA','','',4,'',1),(5428584,'G240103','KUMAR RAVI NANDAN','','',4,'',1),(5428611,'G240016','BIRADAR SARASWATI VIJAYKUMAR','','',4,'',1),(5428776,'G240112','MORE SUDARSHAN HARIKRUSHNA','','',4,'',1),(5428783,'G240004','ABHINAV RAJ','','',4,'',1),(5428974,'G240108','MHASKE PRITI RAJU','','',4,'',1),(5429022,'G240100','KULKARNI RAGHUVEER DIGAMBARRAO','','',4,'',1),(5429145,'G240079','JEHURKAR AMOL PADMAKAR','','',4,'',1),(5430071,'G240104','LAHOT VIVEK SATISH','','',4,'',1),(5431255,'G240006','APAR PRATIK DILIPRAO','','',4,'',1),(5431538,'G240038','DHONGDE PRAJAKTA PRAVIN','','',4,'',1),(5432149,'G240011','BANKAR YOGESH DILIP','','',4,'',1),(5432394,'G240097','KHOMANE AKSHAY KAILAS','','',4,'',1),(5441133,'G240075','JAIN YASH BHAGESH','','',4,'',1),(5441258,'G240021','CHAVAN SHITAL SUDHIR','','',4,'',1),(5441303,'G240019','CHANKAR SHAMBHAVI MOHAN','','',4,'',1),(5441421,'G240092','KAWHALE PREETY PRASHANT','','',4,'',1),(5441492,'G240034','DHAKNE SANDEEP ABHIMANYU','','',4,'',1),(5441525,'G240039','DIWAN PRAJWAL GAJANAN','','',4,'',1),(5441532,'G240078','JAWALE SAKSHI SUNIL','','',4,'',1),(5442658,'G240110','MOHAMMAD DANISH','','',4,'',1),(5442830,'G240130','PAWAR ANIRUDDHA RAJU','','',4,'',1),(5443029,'G240047','GAWANDAR SOURAV DNAYNESHWAR','','',4,'',1),(5444208,'G240056','GORE SAKSHEE NARAYAN','','',4,'',1),(5444354,'G240017','BORDE PALLAVI KAILAS','','',4,'',1),(5444403,'G240061','HANWATE PRABHU PRAVIN','','',4,'',1),(5444441,'G240080','JONDHALE MONALI LALITKUMAR','','',4,'',1),(5444477,'G240007','ASHTAPUTRE VAISHALI RAGHAVENDRA','','',4,'',1),(5445476,'G240037','DHAWALE VISHVESH VILAS','','',4,'',1),(5445637,'G240119','PACHAWANE SHRUTI RAMCHANDRA','','',4,'',1),(5445659,'G240086','KALE PRAMOD TRIMBAKRAO','','',4,'',1),(5445730,'G240015','BHALERAO ABHISHEK CHANDRAKANT','','',4,'',1),(5445745,'G240081','JOSHI KUNAL KISHOR','','',4,'',1),(5445775,'G240024','DAMALE AKSHAY RAMESH','','',4,'',1),(5445809,'G240001','ADEEBA NAAZ','','',4,'',1),(5445814,'G240109','MODI RACHANA SHARADCHANDRA','','',4,'',1),(5445816,'G240117','NIMBALKAR SOMNATH SANJAY','','',4,'',1),(5445819,'G240093','KHADE GANESH BABASAHEB','','',4,'',1),(5445823,'G240022','DAHIBHATE RAHUL DEEPAK','','',4,'',1),(5445825,'G240045','GANGAWANE PUJA PANNALAL','','',4,'',1),(5445832,'G240002','MOHAMMED UMAR','','',4,'',1),(5445840,'G240028','DANK VAISHNAVI VISHWASRAO','','',4,'',1),(5445845,'G240064','HARKAL PRATIMA ASHOKRAO','','',4,'',1),(5445847,'G240033','DEVANKAR RUPESH KALYAN','','',4,'',1),(5445848,'G240049','GHAIT SUPRIYA KASHINATH','','',4,'',1);
/*!40000 ALTER TABLE `app_student` ENABLE KEYS */;
UNLOCK TABLES;

--
-- Table structure for table `app_student_subjects`
--

DROP TABLE IF EXISTS `app_student_subjects`;
/*!40101 SET @saved_cs_client     = @@character_set_client */;
/*!50503 SET character_set_client = utf8mb4 */;
CREATE TABLE `app_student_subjects` (
  `id` bigint NOT NULL AUTO_INCREMENT,
  `student_id` bigint NOT NULL,
  `subject_id` bigint NOT NULL,
  PRIMARY KEY (`id`),
  UNIQUE KEY `app_student_subjects_student_id_subject_id_b5353fd6_uniq` (`student_id`,`subject_id`),
  KEY `app_student_subjects_subject_id_03b8e00f_fk_app_subject_id` (`subject_id`),
  CONSTRAINT `app_student_subjects_student_id_f12d8b3f_fk_app_student_id` FOREIGN KEY (`student_id`) REFERENCES `app_student` (`id`),
  CONSTRAINT `app_student_subjects_subject_id_03b8e00f_fk_app_subject_id` FOREIGN KEY (`subject_id`) REFERENCES `app_subject` (`id`)
) ENGINE=InnoDB AUTO_INCREMENT=512 DEFAULT CHARSET=utf8mb4 COLLATE=utf8mb4_0900_ai_ci;
/*!40101 SET character_set_client = @saved_cs_client */;

--
-- Dumping data for table `app_student_subjects`
--

LOCK TABLES `app_student_subjects` WRITE;
/*!40000 ALTER TABLE `app_student_subjects` DISABLE KEYS */;
/*!40000 ALTER TABLE `app_student_subjects` ENABLE KEYS */;
UNLOCK TABLES;

--
-- Table structure for table `app_subject`
--

DROP TABLE IF EXISTS `app_subject`;
/*!40101 SET @saved_cs_client     = @@character_set_client */;
/*!50503 SET character_set_client = utf8mb4 */;
CREATE TABLE `app_subject` (
  `id` bigint NOT NULL AUTO_INCREMENT,
  `name` varchar(255) NOT NULL,
  `is_law_subject` tinyint(1) NOT NULL,
  `semester` int unsigned NOT NULL,
  `program_id` bigint NOT NULL,
  PRIMARY KEY (`id`),
  UNIQUE KEY `app_subject_name_semester_18d89403_uniq` (`name`,`semester`),
  KEY `app_subject_semeste_668e2b_idx` (`semester`,`is_law_subject`),
  KEY `app_subject_program_id_8e1d9e17_fk_app_program_id` (`program_id`),
  CONSTRAINT `app_subject_program_id_8e1d9e17_fk_app_program_id` FOREIGN KEY (`program_id`) REFERENCES `app_program` (`id`),
  CONSTRAINT `app_subject_chk_1` CHECK ((`semester` >= 0))
) ENGINE=InnoDB AUTO_INCREMENT=119 DEFAULT CHARSET=utf8mb4 COLLATE=utf8mb4_0900_ai_ci;
/*!40101 SET character_set_client = @saved_cs_client */;

--
-- Dumping data for table `app_subject`
--

LOCK TABLES `app_subject` WRITE;
/*!40000 ALTER TABLE `app_subject` DISABLE KEYS */;
INSERT INTO `app_subject` VALUES (30,'Political Science I',0,1,1),(31,'Microeconomics I',0,1,1),(32,'Sociology I',0,1,1),(33,'General English',0,1,1),(35,'Legal Development',0,1,1),(36,'Political Theory II',0,2,1),(37,'Macroeconomics II',0,2,1),(38,'Theories of Sociology II',0,2,1),(39,'Constitutional Development',0,2,1),(40,'Law and Literature',0,3,1),(41,'Foundations of Political Obligations - III',0,3,1),(42,'Indian Economy - III',0,3,1),(43,'Urban, Rural & Tribal Sociology of India - III',0,3,1),(44,'Constitutional Law I',1,3,1),(45,'Legal Language and Legal Writing',0,4,1),(46,'International Relations and Obligations IV',0,4,1),(47,'Economic Policies IV',0,4,1),(48,'Contemporary Issues of Sociology IV',0,4,1),(49,'Constitutional Law II',1,4,1),(50,'Local Self Government',0,5,1),(51,'Jurisprudence',1,5,1),(53,'Family Law I',1,5,1),(54,'Law of Contract I',1,5,1),(55,'Banking Law & Negotiable Instruments Act',1,5,1),(56,'Principles of Public Administration - VI',0,6,1),(57,'Family Law II',1,6,1),(58,'Law of Contract II',1,6,1),(59,'Social Research Methods',0,6,1),(60,'Bhartiya Nyaya Sanhita',1,7,1),(61,'Property Law and Easement Act',1,7,1),(62,'Labour Law I',1,7,1),(63,'Administrative Law',1,7,1),(64,'Professional Ethics',1,7,1),(65,'Bharatiya Nagarik Suraksha Sanhita',1,8,1),(66,'Company Law',1,8,1),(67,'Labour Law II',1,8,1),(68,'Interpretation of Statutes',1,8,1),(69,'Alternative Dispute Resolution (ADR)',1,8,1),(70,'Bharatiya Sakshya Adhiniyam',1,9,1),(72,'Principles of Taxation',1,9,1),(73,'Environmental Law',1,9,1),(74,'Land Laws Including Tenure and Tenancy Law',1,9,1),(75,'Drafting, Pleading & Conveyance',1,9,1),(76,'Intellectual Property Law',1,10,1),(77,'Public International Law',1,10,1),(78,'Insurance Law',1,10,1),(79,'Moot Court & Clinical Legal Education',1,10,1),(80,'Law of Contract I ( LLB )',1,1,1),(81,'Constitutional Law I ( LLB )',1,1,1),(83,'Jurisprudence ( LLB )',1,1,1),(84,'Family Law I (Family Relations) ( LLB )',1,1,1),(85,'Banking Law & Negotiable Instruments Act ( LLB )',1,1,1),(86,'Law of Contract II (Optional Legal) ( LLB )',1,2,1),(87,'Constitutional Law II ( LLB )',1,2,2),(88,'Family Law II ( LLB )',1,2,1),(89,'Torts, Motor Vehicle Act and Consumer Protection Act ( LLB )',1,2,1),(90,'Social Research Methods (Research Methodology) ( LLB )',0,2,2),(91,'Bhartiya Nyaya Sanhita ( LLB )',1,3,2),(92,'Property Law and Easement Act ( LLB )',1,3,2),(93,'Labour Law I ( LLB )',1,3,2),(94,'Administrative Law ( LLB )',1,3,2),(95,'Professional Ethics ( LLB )',1,3,2),(96,'Bharatiya Nagarik Suraksha Sanhita ( LLB )',1,4,2),(97,'Company Law ( LLB )',1,4,2),(98,'Labour Law II ( LLB )',1,4,2),(99,'Interpretation of Statutes ( LLB )',1,4,2),(100,'ADR (Clinical Legal Education) ( LLB )',1,4,2),(101,'Bhartiya Sakshya Adhiniyam ( LLB )',1,5,2),(103,'Principles of Taxation ( LLB )',1,5,2),(104,'Environmental Law ( LLB )',1,5,2),(105,'Land Laws including Tenure and Tenancy Law ( LLB )',1,5,2),(106,'Drafting, Pleading & Conveyance ( LLB )',1,5,2),(110,'Torts, Motor Vechicles Act and Consumer Protection Act',1,6,1),(112,'Civil Procedure Code and Limitation Act',1,10,1),(113,'Local Language /  Foreign Language (Optional)',0,2,1),(114,'Civil Procedure Code & Limitation Act ( LLB )',1,6,2),(115,'Public International Law ( LLB )',1,6,2),(116,'Intellectual Property Law ( LLB )',1,6,2),(117,'Insuranace Law (Optional Legal) ( LLB )',1,6,2),(118,'Moot Court (Clinical Legal Edn.) ( LLB )',1,6,2);
/*!40000 ALTER TABLE `app_subject` ENABLE KEYS */;
UNLOCK TABLES;

--
-- Table structure for table `app_teacher`
--

DROP TABLE IF EXISTS `app_teacher`;
/*!40101 SET @saved_cs_client     = @@character_set_client */;
/*!50503 SET character_set_client = utf8mb4 */;
CREATE TABLE `app_teacher` (
  `id` bigint NOT NULL AUTO_INCREMENT,
  `first_name` varchar(100) NOT NULL,
  `last_name` varchar(100) NOT NULL,
  `email` varchar(254) NOT NULL,
  `phone` varchar(15) DEFAULT NULL,
  `user_id` int NOT NULL,
  `is_admin` tinyint(1) NOT NULL,
  PRIMARY KEY (`id`),
  UNIQUE KEY `email` (`email`),
  UNIQUE KEY `user_id` (`user_id`),
  KEY `app_teacher_email_aad138_idx` (`email`),
  CONSTRAINT `app_teacher_user_id_d565d5e5_fk_auth_user_id` FOREIGN KEY (`user_id`) REFERENCES `auth_user` (`id`)
) ENGINE=InnoDB AUTO_INCREMENT=45 DEFAULT CHARSET=utf8mb4 COLLATE=utf8mb4_0900_ai_ci;
/*!40101 SET character_set_client = @saved_cs_client */;

--
-- Dumping data for table `app_teacher`
--

LOCK TABLES `app_teacher` WRITE;
/*!40000 ALTER TABLE `app_teacher` DISABLE KEYS */;
INSERT INTO `app_teacher` VALUES (2,'Pranav','Sirsufale','pranav@gmail.com','8482852301',3,0),(14,'admin','admin_last_name','admin@gmail.com',NULL,14,1),(22,'Dr. C. M.','Rao','cmrao@mplaw.org','',23,1),(23,'Mr. S. N.','Morey','snmorey@mplaw.org','',24,0),(24,'Dr. S. G.','Shirsat','sgshirsat@mplaw.org','',25,0),(25,'Dr. A. N.','Kottapalle','ankottapalle@mplaw.org','',26,0),(26,'Dr. D. B.','Kolte','dbkolte@mplaw.org','',27,0),(27,'Dr. S.S.','Barhate','ssbarhate@mplaw.org','',28,0),(28,'Dr. P.R.','Girbane','prgirbane@mplaw.org','',29,0),(29,'Dr. A.A.','Singh','aasingh@mplaw.org','',30,0),(30,'Dr. A.D.','Jadhav','abhayjadhav@mplaw.org','',31,0),(31,'Dr. S.S.','Deshmukh','sachindeshmukh@mplaw.org','',32,0),(32,'Madhavi','Rao','mrao@mplaw.org','',33,0),(33,'Mr. Dattatray','Gaikwad','dsgaikwad@mplaw.org','',34,0),(34,'Ms. Chinmayee','Deshpande','cdeshpande@mplaw.org','',35,0),(35,'Dr. Amreen Sultana','Shaikh','ashaikh@mplaw.org','',36,0),(36,'Mr. Madhukar','Kale','mkale@mplaw.org','',37,0),(37,'Adv. Sandeep','Munde','sdmunde@mplaw.org','',38,0),(38,'Ms. Sharvari','Deshpande','smdeshpande@mplaw.org','',39,0),(39,'Mr. Sivakumar','Komaragiri','skomaragiri@mplaw.org','',40,0),(40,'Adv. Pramod','Patni','ppatni@mplaw.org','',41,0),(41,'Adv. Pratima','Ostwal','postwal@mplaw.org','',42,0),(42,'Adv. Amrita Kaur','Johar','ajohar@mplaw.org','',43,0),(43,'Adv. Vinod','Thole','vthole@mplaw.org','',44,0),(44,'Adv. Pankaj','Magar','psmagar@mplaw.org','',45,0);
/*!40000 ALTER TABLE `app_teacher` ENABLE KEYS */;
UNLOCK TABLES;

--
-- Table structure for table `app_timetable`
--

DROP TABLE IF EXISTS `app_timetable`;
/*!40101 SET @saved_cs_client     = @@character_set_client */;
/*!50503 SET character_set_client = utf8mb4 */;
CREATE TABLE `app_timetable` (
  `id` bigint NOT NULL AUTO_INCREMENT,
  `day_of_week` varchar(9) NOT NULL,
  `start_time` time(6) NOT NULL,
  `semester_start_date` date NOT NULL,
  `semester_end_date` date NOT NULL,
  `section_id` bigint NOT NULL,
  `subject_id` bigint NOT NULL,
  `teacher_id` bigint DEFAULT NULL,
  PRIMARY KEY (`id`),
  UNIQUE KEY `app_timetable_section_id_subject_id_da_9efb96f4_uniq` (`section_id`,`subject_id`,`day_of_week`,`start_time`),
  KEY `app_timetable_subject_id_9212521a_fk_app_subject_id` (`subject_id`),
  KEY `app_timetable_teacher_id_a975a114_fk_app_teacher_id` (`teacher_id`),
  KEY `app_timetab_section_f8fd94_idx` (`section_id`,`subject_id`,`teacher_id`),
  CONSTRAINT `app_timetable_section_id_8df1f292_fk_app_section_id` FOREIGN KEY (`section_id`) REFERENCES `app_section` (`id`),
  CONSTRAINT `app_timetable_subject_id_9212521a_fk_app_subject_id` FOREIGN KEY (`subject_id`) REFERENCES `app_subject` (`id`),
  CONSTRAINT `app_timetable_teacher_id_a975a114_fk_app_teacher_id` FOREIGN KEY (`teacher_id`) REFERENCES `app_teacher` (`id`)
) ENGINE=InnoDB AUTO_INCREMENT=52 DEFAULT CHARSET=utf8mb4 COLLATE=utf8mb4_0900_ai_ci;
/*!40101 SET character_set_client = @saved_cs_client */;

--
-- Dumping data for table `app_timetable`
--

LOCK TABLES `app_timetable` WRITE;
/*!40000 ALTER TABLE `app_timetable` DISABLE KEYS */;
INSERT INTO `app_timetable` VALUES (51,'Tuesday','10:30:00.000000','2025-03-01','2025-08-31',4,83,25);
/*!40000 ALTER TABLE `app_timetable` ENABLE KEYS */;
UNLOCK TABLES;

--
-- Table structure for table `auth_group`
--

DROP TABLE IF EXISTS `auth_group`;
/*!40101 SET @saved_cs_client     = @@character_set_client */;
/*!50503 SET character_set_client = utf8mb4 */;
CREATE TABLE `auth_group` (
  `id` int NOT NULL AUTO_INCREMENT,
  `name` varchar(150) NOT NULL,
  PRIMARY KEY (`id`),
  UNIQUE KEY `name` (`name`)
) ENGINE=InnoDB DEFAULT CHARSET=utf8mb4 COLLATE=utf8mb4_0900_ai_ci;
/*!40101 SET character_set_client = @saved_cs_client */;

--
-- Dumping data for table `auth_group`
--

LOCK TABLES `auth_group` WRITE;
/*!40000 ALTER TABLE `auth_group` DISABLE KEYS */;
/*!40000 ALTER TABLE `auth_group` ENABLE KEYS */;
UNLOCK TABLES;

--
-- Table structure for table `auth_group_permissions`
--

DROP TABLE IF EXISTS `auth_group_permissions`;
/*!40101 SET @saved_cs_client     = @@character_set_client */;
/*!50503 SET character_set_client = utf8mb4 */;
CREATE TABLE `auth_group_permissions` (
  `id` bigint NOT NULL AUTO_INCREMENT,
  `group_id` int NOT NULL,
  `permission_id` int NOT NULL,
  PRIMARY KEY (`id`),
  UNIQUE KEY `auth_group_permissions_group_id_permission_id_0cd325b0_uniq` (`group_id`,`permission_id`),
  KEY `auth_group_permissio_permission_id_84c5c92e_fk_auth_perm` (`permission_id`),
  CONSTRAINT `auth_group_permissio_permission_id_84c5c92e_fk_auth_perm` FOREIGN KEY (`permission_id`) REFERENCES `auth_permission` (`id`),
  CONSTRAINT `auth_group_permissions_group_id_b120cbf9_fk_auth_group_id` FOREIGN KEY (`group_id`) REFERENCES `auth_group` (`id`)
) ENGINE=InnoDB DEFAULT CHARSET=utf8mb4 COLLATE=utf8mb4_0900_ai_ci;
/*!40101 SET character_set_client = @saved_cs_client */;

--
-- Dumping data for table `auth_group_permissions`
--

LOCK TABLES `auth_group_permissions` WRITE;
/*!40000 ALTER TABLE `auth_group_permissions` DISABLE KEYS */;
/*!40000 ALTER TABLE `auth_group_permissions` ENABLE KEYS */;
UNLOCK TABLES;

--
-- Table structure for table `auth_permission`
--

DROP TABLE IF EXISTS `auth_permission`;
/*!40101 SET @saved_cs_client     = @@character_set_client */;
/*!50503 SET character_set_client = utf8mb4 */;
CREATE TABLE `auth_permission` (
  `id` int NOT NULL AUTO_INCREMENT,
  `name` varchar(255) NOT NULL,
  `content_type_id` int NOT NULL,
  `codename` varchar(100) NOT NULL,
  PRIMARY KEY (`id`),
  UNIQUE KEY `auth_permission_content_type_id_codename_01ab375a_uniq` (`content_type_id`,`codename`),
  CONSTRAINT `auth_permission_content_type_id_2f476e4b_fk_django_co` FOREIGN KEY (`content_type_id`) REFERENCES `django_content_type` (`id`)
) ENGINE=InnoDB AUTO_INCREMENT=65 DEFAULT CHARSET=utf8mb4 COLLATE=utf8mb4_0900_ai_ci;
/*!40101 SET character_set_client = @saved_cs_client */;

--
-- Dumping data for table `auth_permission`
--

LOCK TABLES `auth_permission` WRITE;
/*!40000 ALTER TABLE `auth_permission` DISABLE KEYS */;
INSERT INTO `auth_permission` VALUES (1,'Can add log entry',1,'add_logentry'),(2,'Can change log entry',1,'change_logentry'),(3,'Can delete log entry',1,'delete_logentry'),(4,'Can view log entry',1,'view_logentry'),(5,'Can add permission',2,'add_permission'),(6,'Can change permission',2,'change_permission'),(7,'Can delete permission',2,'delete_permission'),(8,'Can view permission',2,'view_permission'),(9,'Can add group',3,'add_group'),(10,'Can change group',3,'change_group'),(11,'Can delete group',3,'delete_group'),(12,'Can view group',3,'view_group'),(13,'Can add user',4,'add_user'),(14,'Can change user',4,'change_user'),(15,'Can delete user',4,'delete_user'),(16,'Can view user',4,'view_user'),(17,'Can add content type',5,'add_contenttype'),(18,'Can change content type',5,'change_contenttype'),(19,'Can delete content type',5,'delete_contenttype'),(20,'Can view content type',5,'view_contenttype'),(21,'Can add session',6,'add_session'),(22,'Can change session',6,'change_session'),(23,'Can delete session',6,'delete_session'),(24,'Can view session',6,'view_session'),(25,'Can add Calendar Exception',7,'add_calendarexception'),(26,'Can change Calendar Exception',7,'change_calendarexception'),(27,'Can delete Calendar Exception',7,'delete_calendarexception'),(28,'Can view Calendar Exception',7,'view_calendarexception'),(29,'Can add Program',8,'add_program'),(30,'Can change Program',8,'change_program'),(31,'Can delete Program',8,'delete_program'),(32,'Can view Program',8,'view_program'),(33,'Can add Subject',9,'add_subject'),(34,'Can change Subject',9,'change_subject'),(35,'Can delete Subject',9,'delete_subject'),(36,'Can view Subject',9,'view_subject'),(37,'Can add Section',10,'add_section'),(38,'Can change Section',10,'change_section'),(39,'Can delete Section',10,'delete_section'),(40,'Can view Section',10,'view_section'),(41,'Can add Student',11,'add_student'),(42,'Can change Student',11,'change_student'),(43,'Can delete Student',11,'delete_student'),(44,'Can view Student',11,'view_student'),(45,'Can add Teacher',12,'add_teacher'),(46,'Can change Teacher',12,'change_teacher'),(47,'Can delete Teacher',12,'delete_teacher'),(48,'Can view Teacher',12,'view_teacher'),(49,'Can add Timetable',13,'add_timetable'),(50,'Can change Timetable',13,'change_timetable'),(51,'Can delete Timetable',13,'delete_timetable'),(52,'Can view Timetable',13,'view_timetable'),(53,'Can add Session',14,'add_session'),(54,'Can change Session',14,'change_session'),(55,'Can delete Session',14,'delete_session'),(56,'Can view Session',14,'view_session'),(57,'Can add Attendance',15,'add_attendance'),(58,'Can change Attendance',15,'change_attendance'),(59,'Can delete Attendance',15,'delete_attendance'),(60,'Can view Attendance',15,'view_attendance'),(61,'Can add semester',16,'add_semester'),(62,'Can change semester',16,'change_semester'),(63,'Can delete semester',16,'delete_semester'),(64,'Can view semester',16,'view_semester');
/*!40000 ALTER TABLE `auth_permission` ENABLE KEYS */;
UNLOCK TABLES;

--
-- Table structure for table `auth_user`
--

DROP TABLE IF EXISTS `auth_user`;
/*!40101 SET @saved_cs_client     = @@character_set_client */;
/*!50503 SET character_set_client = utf8mb4 */;
CREATE TABLE `auth_user` (
  `id` int NOT NULL AUTO_INCREMENT,
  `password` varchar(128) NOT NULL,
  `last_login` datetime(6) DEFAULT NULL,
  `is_superuser` tinyint(1) NOT NULL,
  `username` varchar(150) NOT NULL,
  `first_name` varchar(150) NOT NULL,
  `last_name` varchar(150) NOT NULL,
  `email` varchar(254) NOT NULL,
  `is_staff` tinyint(1) NOT NULL,
  `is_active` tinyint(1) NOT NULL,
  `date_joined` datetime(6) NOT NULL,
  PRIMARY KEY (`id`),
  UNIQUE KEY `username` (`username`)
) ENGINE=InnoDB AUTO_INCREMENT=46 DEFAULT CHARSET=utf8mb4 COLLATE=utf8mb4_0900_ai_ci;
/*!40101 SET character_set_client = @saved_cs_client */;

--
-- Dumping data for table `auth_user`
--

LOCK TABLES `auth_user` WRITE;
/*!40000 ALTER TABLE `auth_user` DISABLE KEYS */;
INSERT INTO `auth_user` VALUES (1,'pbkdf2_sha256$870000$Me9YZI6YfmhjX5LJI0WBHt$W3xNBZ+tlmjsWwiziX7f07jSwR0bRoMOR57Hkls+fCA=','2025-05-19 05:15:21.395644',0,'pranav','','','',0,1,'2025-03-25 03:20:11.593406'),(3,'pbkdf2_sha256$870000$gZ3y5HHwnGaxiAxQK7nMZN$gSRiVy6r0zHd1BAfw+RN1EkJ59epZu7B/Gi56d6HCyY=','2025-06-30 09:09:53.595834',0,'pranav.sirsufale','Pranav','Sirsufale','pranav@gmail.com',0,1,'2025-03-25 10:20:28.637956'),(4,'pbkdf2_sha256$870000$XYnI0TJYmgkOeCXoW4HUTD$/LyDuIJ77OD8cfEvd65VBayMQDfBZyqK0u8YfLQR5M4=',NULL,0,'teacher1','','','one@gmail.com',0,1,'2025-03-27 17:05:18.948975'),(5,'pbkdf2_sha256$870000$XYnI0TJYmgkOeCXoW4HUTD$/LyDuIJ77OD8cfEvd65VBayMQDfBZyqK0u8YfLQR5M4=',NULL,0,'teacher2','teacher','two','two@gmail.com',0,1,'2025-03-27 17:05:19.379372'),(14,'pbkdf2_sha256$870000$wO0Nvszto5rKJLO0W9J2bX$ErOcX6/CWJ4K71shHNTvHBO7s0ZvnaIXbT2M1GLOaf4=','2025-07-20 08:33:39.428152',1,'admin','admin','admin_last_name','admin@gmail.com',0,1,'2025-03-30 18:07:31.745190'),(16,'pbkdf2_sha256$870000$T7u4rcXlACnw5tx0Holjjd$O2YlqKudbfw3o8RY+cvotl2RljqKS339v6VGZC9JSWI=',NULL,0,'twelve@gmail.com','teacher','twelve','twelve@gmail.com',0,1,'2025-04-11 11:45:02.081316'),(23,'pbkdf2_sha256$870000$GVK70BQoyK5ZhCPITVDIoA$lyaWw6jv6Glb/VzH9hbzPEZcq+8PSJebSM/L34IDpCM=','2025-07-20 11:17:23.931018',1,'cmrao@mplaw.org','Dr. C. M.','Rao','cmrao@mplaw.org',0,1,'2025-07-08 05:08:30.554420'),(24,'pbkdf2_sha256$870000$amVOdljwdgXMH7bkgt5ysY$0mOdKLkU/imgWLbpPOBFCA1h6x3O70x2kMJ9xD2w6dU=',NULL,0,'snmorey@mplaw.org','Mr. S. N.','Morey','snmorey@mplaw.org',0,1,'2025-07-08 05:12:37.186981'),(25,'pbkdf2_sha256$870000$CcA35ie6MYjLD9ChEKA3De$v4ECrE0fQ6GdFZ3YO4qGx32BBm6tRkGPV9HHBzaKRHk=',NULL,0,'sgshirsat@mplaw.org','Dr. S. G.','Shirsat','sgshirsat@mplaw.org',0,1,'2025-07-08 05:13:59.100098'),(26,'pbkdf2_sha256$870000$kD36qkDsYIIBbmBCiYvjkH$Zpj2Xo2faJDBzWjwjWO7DLgH+A6Qc6OuZJV4f9Owk3U=','2025-07-20 08:33:51.157621',0,'ankottapalle@mplaw.org','Dr. A. N.','Kottapalle','ankottapalle@mplaw.org',0,1,'2025-07-08 05:16:55.459336'),(27,'pbkdf2_sha256$870000$MIs4SDWiqQyDmN21JgaA4y$1YH3MOHJy+vZ4VjPWVsAFCBh/0zZC6T0AqgsLTMhgqM=',NULL,0,'dbkolte@mplaw.org','Dr. D. B.','Kolte','dbkolte@mplaw.org',0,1,'2025-07-08 05:17:24.976344'),(28,'pbkdf2_sha256$870000$yXJYdPG3U6lGLhZmni3XU8$OCfyabFhZxhc6PKP+ThftkVlNLxTjvEmRgme/r2j5CU=',NULL,0,'ssbarhate@mplaw.org','Dr. S.S.','Barhate','ssbarhate@mplaw.org',0,1,'2025-07-08 05:19:02.094752'),(29,'pbkdf2_sha256$870000$hLcRZzj9SeEo45rRN6A9qQ$Owow0q/AFvReKTzm/62X1hp0YkMhjuA6yX2lfU5KUnc=',NULL,0,'prgirbane@mplaw.org','Dr. P.R.','Girbane','prgirbane@mplaw.org',0,1,'2025-07-08 05:19:49.796604'),(30,'pbkdf2_sha256$870000$aG1FT0wbYpXL5CKFMz4oYQ$Ej1Dw2izeHz39UmDpM65gBXMu13ol3CgU6eI5gvBUDg=',NULL,0,'aasingh@mplaw.org','Dr. A.A.','Singh','aasingh@mplaw.org',0,1,'2025-07-08 05:20:35.278775'),(31,'pbkdf2_sha256$870000$184RsGkwsSVru8xAuG6qAA$5YVKwy7cocQaAkVddXTawM8m6+R1So/6gtp7QVr+Aog=',NULL,0,'abhayjadhav@mplaw.org','Dr. A.D.','Jadhav','abhayjadhav@mplaw.org',0,1,'2025-07-08 05:21:06.400117'),(32,'pbkdf2_sha256$870000$jwZpEKwHTmZKAAWqNEtd8o$j/Vdz2WzelrjXXH2muYSN3+yGsFz9CUnhVIIjgx8a3M=',NULL,0,'sachindeshmukh@mplaw.org','Dr. S.S.','Deshmukh','sachindeshmukh@mplaw.org',0,1,'2025-07-08 05:21:51.968288'),(33,'pbkdf2_sha256$870000$nVknOJupXwb9CBCz0cXpS6$a9pMRRcA47CdTucDZHOQiZ+DUbBjzwKCNoAlIC5tk1o=','2025-07-08 11:12:44.583506',0,'mrao@mplaw.org','Madhavi','Rao','mrao@mplaw.org',0,1,'2025-07-08 05:22:35.255026'),(34,'pbkdf2_sha256$870000$6NfH6xME33LKkIoHFYZOl8$Ps+HwFu7AocvNlJkWYw8oi8CdNhj1b3kWPJ+YTFst3c=',NULL,0,'dsgaikwad@mplaw.org','Mr. Dattatray','Gaikwad','dsgaikwad@mplaw.org',0,1,'2025-07-08 05:23:11.391494'),(35,'pbkdf2_sha256$870000$gH6lNaQyIC50W8OAx3N35i$qfmOsm0Bij3l/cRpHPZ2biJemP/G1/ddcxa8yaukUeU=',NULL,0,'cdeshpande@mplaw.org','Ms. Chinmayee','Deshpande','cdeshpande@mplaw.org',0,1,'2025-07-08 05:25:16.163422'),(36,'pbkdf2_sha256$870000$eE8XUxSB9yUOmabob4HA7K$g/WrTBHMpBRDLU/oFV/3BsThJQ3uJPpmbennsse3JxM=',NULL,0,'ashaikh@mplaw.org','Dr. Amreen Sultana','Shaikh','ashaikh@mplaw.org',0,1,'2025-07-08 05:25:59.992325'),(37,'pbkdf2_sha256$870000$riAIV1Dkwj1O06SIs703kB$+KSht8rD+ffUKgjgZlcRm2K6TpjobYcmuGGXuu83dDM=',NULL,0,'mkale@mplaw.org','Mr. Madhukar','Kale','mkale@mplaw.org',0,1,'2025-07-08 05:26:57.892614'),(38,'pbkdf2_sha256$870000$MQjgRQm6XeYbrZFdKo468q$13xd3woPCDqhFwXM6yY7qCkR9BkReAEN820UTHuiGLY=',NULL,0,'sdmunde@mplaw.org','Adv. Sandeep','Munde','sdmunde@mplaw.org',0,1,'2025-07-08 05:27:40.937427'),(39,'pbkdf2_sha256$870000$wcjD6zhKgzyGzxiJOAu4dZ$AN6CUZoI+bC7nEKtQ7KiyhhdTg8SReyWKiA/s8G1iJ4=',NULL,0,'smdeshpande@mplaw.org','Ms. Sharvari','Deshpande','smdeshpande@mplaw.org',0,1,'2025-07-08 05:28:20.397634'),(40,'pbkdf2_sha256$870000$O12IiJSThtqsuvoMD3k9X8$qwjG4pWys1vWuj86G1H0H+uqSgitjEWJr5hbIz2rTJY=',NULL,0,'skomaragiri@mplaw.org','Mr. Sivakumar','Komaragiri','skomaragiri@mplaw.org',0,1,'2025-07-08 05:29:05.196168'),(41,'pbkdf2_sha256$870000$oUILwQ6ayQm8k25ETcof7t$hy2C+l25lXBKzPOIokRQAqk5Gqrdpjosj2TqhoA6yrA=',NULL,0,'ppatni@mplaw.org','Adv. Pramod','Patni','ppatni@mplaw.org',0,1,'2025-07-08 05:29:30.727088'),(42,'pbkdf2_sha256$870000$T12AV7LQatu47yaUVKQMkV$IMSogSf+J7kSJ1Vr7FAUV/n9j9JTv2jmPlgDjt/KgpU=',NULL,0,'postwal@mplaw.org','Adv. Pratima','Ostwal','postwal@mplaw.org',0,1,'2025-07-08 05:30:24.371975'),(43,'pbkdf2_sha256$870000$svJXIW5xTvNkqtm9PQ9dO0$tpIV8qIgtV7YIA8+/rPtc5NcqkpAyzJihHiccP3maPA=','2025-07-20 08:24:33.135281',0,'ajohar@mplaw.org','Adv. Amrita Kaur','Johar','ajohar@mplaw.org',0,1,'2025-07-08 05:31:06.320289'),(44,'pbkdf2_sha256$870000$HQ09QUcZcpmjumhJyuKCvQ$fu6DNSnGek4mRewGpY7VgUJ8bQP+yTr6iBXhthEhuI0=',NULL,0,'vthole@mplaw.org','Adv. Vinod','Thole','vthole@mplaw.org',0,1,'2025-07-08 05:31:45.883056'),(45,'pbkdf2_sha256$870000$ntq3ZwX3dBDSgswWOHmXwN$sH6WfEH1RxUiTM2TuwFD5oYYHuire4VH0DpKKMJ7s6I=',NULL,0,'psmagar@mplaw.org','Adv. Pankaj','Magar','psmagar@mplaw.org',0,1,'2025-07-08 05:32:28.452656');
/*!40000 ALTER TABLE `auth_user` ENABLE KEYS */;
UNLOCK TABLES;

--
-- Table structure for table `auth_user_groups`
--

DROP TABLE IF EXISTS `auth_user_groups`;
/*!40101 SET @saved_cs_client     = @@character_set_client */;
/*!50503 SET character_set_client = utf8mb4 */;
CREATE TABLE `auth_user_groups` (
  `id` bigint NOT NULL AUTO_INCREMENT,
  `user_id` int NOT NULL,
  `group_id` int NOT NULL,
  PRIMARY KEY (`id`),
  UNIQUE KEY `auth_user_groups_user_id_group_id_94350c0c_uniq` (`user_id`,`group_id`),
  KEY `auth_user_groups_group_id_97559544_fk_auth_group_id` (`group_id`),
  CONSTRAINT `auth_user_groups_group_id_97559544_fk_auth_group_id` FOREIGN KEY (`group_id`) REFERENCES `auth_group` (`id`),
  CONSTRAINT `auth_user_groups_user_id_6a12ed8b_fk_auth_user_id` FOREIGN KEY (`user_id`) REFERENCES `auth_user` (`id`)
) ENGINE=InnoDB DEFAULT CHARSET=utf8mb4 COLLATE=utf8mb4_0900_ai_ci;
/*!40101 SET character_set_client = @saved_cs_client */;

--
-- Dumping data for table `auth_user_groups`
--

LOCK TABLES `auth_user_groups` WRITE;
/*!40000 ALTER TABLE `auth_user_groups` DISABLE KEYS */;
/*!40000 ALTER TABLE `auth_user_groups` ENABLE KEYS */;
UNLOCK TABLES;

--
-- Table structure for table `auth_user_user_permissions`
--

DROP TABLE IF EXISTS `auth_user_user_permissions`;
/*!40101 SET @saved_cs_client     = @@character_set_client */;
/*!50503 SET character_set_client = utf8mb4 */;
CREATE TABLE `auth_user_user_permissions` (
  `id` bigint NOT NULL AUTO_INCREMENT,
  `user_id` int NOT NULL,
  `permission_id` int NOT NULL,
  PRIMARY KEY (`id`),
  UNIQUE KEY `auth_user_user_permissions_user_id_permission_id_14a6b632_uniq` (`user_id`,`permission_id`),
  KEY `auth_user_user_permi_permission_id_1fbb5f2c_fk_auth_perm` (`permission_id`),
  CONSTRAINT `auth_user_user_permi_permission_id_1fbb5f2c_fk_auth_perm` FOREIGN KEY (`permission_id`) REFERENCES `auth_permission` (`id`),
  CONSTRAINT `auth_user_user_permissions_user_id_a95ead1b_fk_auth_user_id` FOREIGN KEY (`user_id`) REFERENCES `auth_user` (`id`)
) ENGINE=InnoDB DEFAULT CHARSET=utf8mb4 COLLATE=utf8mb4_0900_ai_ci;
/*!40101 SET character_set_client = @saved_cs_client */;

--
-- Dumping data for table `auth_user_user_permissions`
--

LOCK TABLES `auth_user_user_permissions` WRITE;
/*!40000 ALTER TABLE `auth_user_user_permissions` DISABLE KEYS */;
/*!40000 ALTER TABLE `auth_user_user_permissions` ENABLE KEYS */;
UNLOCK TABLES;

--
-- Table structure for table `django_admin_log`
--

DROP TABLE IF EXISTS `django_admin_log`;
/*!40101 SET @saved_cs_client     = @@character_set_client */;
/*!50503 SET character_set_client = utf8mb4 */;
CREATE TABLE `django_admin_log` (
  `id` int NOT NULL AUTO_INCREMENT,
  `action_time` datetime(6) NOT NULL,
  `object_id` longtext,
  `object_repr` varchar(200) NOT NULL,
  `action_flag` smallint unsigned NOT NULL,
  `change_message` longtext NOT NULL,
  `content_type_id` int DEFAULT NULL,
  `user_id` int NOT NULL,
  PRIMARY KEY (`id`),
  KEY `django_admin_log_content_type_id_c4bce8eb_fk_django_co` (`content_type_id`),
  KEY `django_admin_log_user_id_c564eba6_fk_auth_user_id` (`user_id`),
  CONSTRAINT `django_admin_log_content_type_id_c4bce8eb_fk_django_co` FOREIGN KEY (`content_type_id`) REFERENCES `django_content_type` (`id`),
  CONSTRAINT `django_admin_log_user_id_c564eba6_fk_auth_user_id` FOREIGN KEY (`user_id`) REFERENCES `auth_user` (`id`),
  CONSTRAINT `django_admin_log_chk_1` CHECK ((`action_flag` >= 0))
) ENGINE=InnoDB DEFAULT CHARSET=utf8mb4 COLLATE=utf8mb4_0900_ai_ci;
/*!40101 SET character_set_client = @saved_cs_client */;

--
-- Dumping data for table `django_admin_log`
--

LOCK TABLES `django_admin_log` WRITE;
/*!40000 ALTER TABLE `django_admin_log` DISABLE KEYS */;
/*!40000 ALTER TABLE `django_admin_log` ENABLE KEYS */;
UNLOCK TABLES;

--
-- Table structure for table `django_content_type`
--

DROP TABLE IF EXISTS `django_content_type`;
/*!40101 SET @saved_cs_client     = @@character_set_client */;
/*!50503 SET character_set_client = utf8mb4 */;
CREATE TABLE `django_content_type` (
  `id` int NOT NULL AUTO_INCREMENT,
  `app_label` varchar(100) NOT NULL,
  `model` varchar(100) NOT NULL,
  PRIMARY KEY (`id`),
  UNIQUE KEY `django_content_type_app_label_model_76bd3d3b_uniq` (`app_label`,`model`)
) ENGINE=InnoDB AUTO_INCREMENT=17 DEFAULT CHARSET=utf8mb4 COLLATE=utf8mb4_0900_ai_ci;
/*!40101 SET character_set_client = @saved_cs_client */;

--
-- Dumping data for table `django_content_type`
--

LOCK TABLES `django_content_type` WRITE;
/*!40000 ALTER TABLE `django_content_type` DISABLE KEYS */;
INSERT INTO `django_content_type` VALUES (1,'admin','logentry'),(15,'app','attendance'),(7,'app','calendarexception'),(8,'app','program'),(10,'app','section'),(16,'app','semester'),(14,'app','session'),(11,'app','student'),(9,'app','subject'),(12,'app','teacher'),(13,'app','timetable'),(3,'auth','group'),(2,'auth','permission'),(4,'auth','user'),(5,'contenttypes','contenttype'),(6,'sessions','session');
/*!40000 ALTER TABLE `django_content_type` ENABLE KEYS */;
UNLOCK TABLES;

--
-- Table structure for table `django_migrations`
--

DROP TABLE IF EXISTS `django_migrations`;
/*!40101 SET @saved_cs_client     = @@character_set_client */;
/*!50503 SET character_set_client = utf8mb4 */;
CREATE TABLE `django_migrations` (
  `id` bigint NOT NULL AUTO_INCREMENT,
  `app` varchar(255) NOT NULL,
  `name` varchar(255) NOT NULL,
  `applied` datetime(6) NOT NULL,
  PRIMARY KEY (`id`)
) ENGINE=InnoDB AUTO_INCREMENT=40 DEFAULT CHARSET=utf8mb4 COLLATE=utf8mb4_0900_ai_ci;
/*!40101 SET character_set_client = @saved_cs_client */;

--
-- Dumping data for table `django_migrations`
--

LOCK TABLES `django_migrations` WRITE;
/*!40000 ALTER TABLE `django_migrations` DISABLE KEYS */;
INSERT INTO `django_migrations` VALUES (1,'contenttypes','0001_initial','2025-03-25 03:06:34.988284'),(2,'auth','0001_initial','2025-03-25 03:06:36.003056'),(3,'admin','0001_initial','2025-03-25 03:06:36.309402'),(4,'admin','0002_logentry_remove_auto_add','2025-03-25 03:06:36.334389'),(5,'admin','0003_logentry_add_action_flag_choices','2025-03-25 03:06:36.360373'),(6,'app','0001_initial','2025-03-25 03:06:38.244642'),(7,'contenttypes','0002_remove_content_type_name','2025-03-25 03:06:38.446699'),(8,'auth','0002_alter_permission_name_max_length','2025-03-25 03:06:38.578755'),(9,'auth','0003_alter_user_email_max_length','2025-03-25 03:06:38.643459'),(10,'auth','0004_alter_user_username_opts','2025-03-25 03:06:38.663449'),(11,'auth','0005_alter_user_last_login_null','2025-03-25 03:06:38.788991'),(12,'auth','0006_require_contenttypes_0002','2025-03-25 03:06:38.793584'),(13,'auth','0007_alter_validators_add_error_messages','2025-03-25 03:06:38.812366'),(14,'auth','0008_alter_user_username_max_length','2025-03-25 03:06:38.931673'),(15,'auth','0009_alter_user_last_name_max_length','2025-03-25 03:06:39.067123'),(16,'auth','0010_alter_group_name_max_length','2025-03-25 03:06:39.128580'),(17,'auth','0011_update_proxy_permissions','2025-03-25 03:06:39.162562'),(18,'auth','0012_alter_user_first_name_max_length','2025-03-25 03:06:39.295542'),(19,'sessions','0001_initial','2025-03-25 03:06:39.384131'),(20,'app','0002_student_phone','2025-03-25 04:03:27.779276'),(21,'app','0003_alter_subject_name_alter_subject_unique_together','2025-03-27 04:27:46.029908'),(22,'app','0004_alter_timetable_teacher','2025-03-28 15:05:47.581771'),(23,'app','0003_teacher_is_admin_alter_teacher_first_name_and_more','2025-03-30 18:03:06.030454'),(24,'app','0004_alter_attendance_timestamp','2025-04-07 11:07:30.062189'),(25,'app','0005_student_semester','2025-04-09 10:24:06.004797'),(26,'app','0006_alter_student_semester','2025-04-09 10:31:20.708328'),(27,'app','0007_alter_student_roll_number','2025-04-10 05:25:40.579698'),(28,'app','0008_alter_subject_name','2025-04-11 06:35:46.973086'),(29,'app','0009_alter_attendance_status_alter_attendance_timestamp','2025-04-28 06:19:28.610270'),(30,'app','0010_alter_attendance_status','2025-04-28 06:19:28.847155'),(31,'app','0011_alter_attendance_status','2025-04-28 06:19:29.016066'),(32,'app','0012_attendance_dummy','2025-04-28 07:24:24.231075'),(33,'app','0013_remove_attendance_dummy','2025-04-28 07:26:47.226729'),(34,'app','0014_alter_attendance_timestamp_and_more','2025-04-30 12:42:32.265980'),(35,'app','0014_alter_student_roll_number','2025-05-22 14:49:53.590706'),(36,'app','0015_semester','2025-05-22 15:10:42.601576'),(37,'app','0016_alter_student_semester','2025-05-22 16:44:54.081301'),(38,'app','0002_alter_student_email_alter_student_first_name_and_more','2025-06-21 10:27:32.394356'),(39,'app','0003_subject_program_alter_timetable_start_time','2025-07-08 11:30:44.031089');
/*!40000 ALTER TABLE `django_migrations` ENABLE KEYS */;
UNLOCK TABLES;

--
-- Table structure for table `django_session`
--

DROP TABLE IF EXISTS `django_session`;
/*!40101 SET @saved_cs_client     = @@character_set_client */;
/*!50503 SET character_set_client = utf8mb4 */;
CREATE TABLE `django_session` (
  `session_key` varchar(40) NOT NULL,
  `session_data` longtext NOT NULL,
  `expire_date` datetime(6) NOT NULL,
  PRIMARY KEY (`session_key`),
  KEY `django_session_expire_date_a5c62663` (`expire_date`)
) ENGINE=InnoDB DEFAULT CHARSET=utf8mb4 COLLATE=utf8mb4_0900_ai_ci;
/*!40101 SET character_set_client = @saved_cs_client */;

--
-- Dumping data for table `django_session`
--

LOCK TABLES `django_session` WRITE;
/*!40000 ALTER TABLE `django_session` DISABLE KEYS */;
/*!40000 ALTER TABLE `django_session` ENABLE KEYS */;
UNLOCK TABLES;
/*!40103 SET TIME_ZONE=@OLD_TIME_ZONE */;

/*!40101 SET SQL_MODE=@OLD_SQL_MODE */;
/*!40014 SET FOREIGN_KEY_CHECKS=@OLD_FOREIGN_KEY_CHECKS */;
/*!40014 SET UNIQUE_CHECKS=@OLD_UNIQUE_CHECKS */;
/*!40101 SET CHARACTER_SET_CLIENT=@OLD_CHARACTER_SET_CLIENT */;
/*!40101 SET CHARACTER_SET_RESULTS=@OLD_CHARACTER_SET_RESULTS */;
/*!40101 SET COLLATION_CONNECTION=@OLD_COLLATION_CONNECTION */;
/*!40111 SET SQL_NOTES=@OLD_SQL_NOTES */;

-- Dump completed on 2025-07-20 11:17:42
